Model,Method,Coverage,Target,Avg Width
LSTM,EnbPI,0.9016064257028112,0.9,1162.9468982503838
LSTM,AgACI,0.7670682730923695,0.9,877.2020063234905
GRU,EnbPI,0.8895582329317269,0.9,980.3530641569732
GRU,AgACI,0.7811244979919679,0.9,795.8290990394509
