Model,RMSE,MAPE (%)
LSTM,366.1332476588364,7.128507056248624
GRU,329.4590867759415,6.828557840172319
Baseline,50.10451402024857,0.9223514523549408
